Associated.marker	SNP.reference	Trait	CHR	BP	P.value	Breed	Reference
BovineHD0500013194	rs134152961	blood hormone levels of inhibin at 4 months	5	45853150	0.00000764	Tropical Composite	Fortes et al. (2013)
BovineHD0500013195	rs109440480	blood hormone levels of inhibin at 4 months	5	45857076	0.00000764	Tropical Composite	Fortes et al. (2013)
BovineHD0500013211	rs109628263	blood hormone levels of inhibin at 4 months	5	45947079	1.5E-09	Tropical Composite	Fortes et al. (2013)
BovineHD0500013212	rs136159056	blood hormone levels of inhibin at 4 months	5	45958046	1.5E-09	Tropical Composite	Fortes et al. (2013)
BovineHD0500013217	rs109160518	blood hormone levels of inhibin at 4 months	5	45980892	1.5E-09	Tropical Composite	Fortes et al. (2013)
BovineHD0500035412	rs109344578	blood hormone levels of inhibin at 4 months	5	46039437	0.000000538	Tropical Composite	Fortes et al. (2013)
BovineHD0500013267	rs135359236	blood hormone levels of inhibin at 4 months	5	46180542	0.000000997	Tropical Composite	Fortes et al. (2013)
BovineHD0500013284	rs133352866	blood hormone levels of inhibin at 4 months	5	46244309	0.00000342	Tropical Composite	Fortes et al. (2013)
BovineHD0500035413	rs135811069	blood hormone levels of inhibin at 4 months	5	46331771	0.00000789	Tropical Composite	Fortes et al. (2013)
Hapmap24085-BTA-143102	rs110369383	blood hormone levels of inhibin at 4 months	5	46364432	0.000000699	Tropical Composite	Fortes et al. (2013)
BovineHD0500013327	rs109770953	blood hormone levels of inhibin at 4 months	5	46373831	0.00000889	Tropical Composite	Fortes et al. (2013)
BovineHD0500013343	rs134181583	blood hormone levels of inhibin at 4 months	5	46434166	0.00000164	Tropical Composite	Fortes et al. (2013)
BovineHD0500013348	rs133193328	blood hormone levels of inhibin at 4 months	5	46451148	0.000000883	Tropical Composite	Fortes et al. (2013)
BovineHD0500013380	rs110171163	blood hormone levels of inhibin at 4 months	5	46504698	0.00000356	Tropical Composite	Fortes et al. (2013)
BovineHD0500013382	rs135003479	blood hormone levels of inhibin at 4 months	5	46508111	0.00000607	Tropical Composite	Fortes et al. (2013)
BovineHD0500013383	rs109890979	blood hormone levels of inhibin at 4 months	5	46508966	0.00000722	Tropical Composite	Fortes et al. (2013)
BovineHD0500013386	rs133632825	blood hormone levels of inhibin at 4 months	5	46512598	0.00000722	Tropical Composite	Fortes et al. (2013)
BovineHD0500013449	rs110380404	blood hormone levels of inhibin at 4 months	5	46689893	0.00000789	Tropical Composite	Fortes et al. (2013)
BovineHD0500013456	rs41566025	blood hormone levels of inhibin at 4 months	5	46736512	0.00000798	Tropical Composite	Fortes et al. (2013)
BovineHD0500013464	rs136234069	blood hormone levels of inhibin at 4 months	5	46778797	0.00000717	Tropical Composite	Fortes et al. (2013)
BovineHD0500013493	rs137496727	blood hormone levels of inhibin at 4 months	5	46874088	0.00000114	Tropical Composite	Fortes et al. (2013)
BovineHD0500013518	rs132647722	blood hormone levels of inhibin at 4 months	5	46961091	0.00000296	Tropical Composite	Fortes et al. (2013)
BovineHD0500013547	rs133357517	blood hormone levels of inhibin at 4 months	5	47048741	0.00000359	Tropical Composite	Fortes et al. (2013)
BovineHD0500014474	rs136325176	blood hormone levels of inhibin at 4 months	5	50333669	0.00000629	Tropical Composite	Fortes et al. (2013)
BovineHD0500014497	rs136741660	blood hormone levels of inhibin at 4 months	5	50385143	0.00000746	Tropical Composite	Fortes et al. (2013)
BovineHD0500014518	rs133098897	blood hormone levels of inhibin at 4 months	5	50432307	5.32E-08	Tropical Composite	Fortes et al. (2013)
BovineHD0500035951	rs135819933	blood hormone levels of inhibin at 4 months	5	50436796	1.82E-08	Tropical Composite	Fortes et al. (2013)
BovineHD0500014519	rs137055992	blood hormone levels of inhibin at 4 months	5	50440895	5.32E-08	Tropical Composite	Fortes et al. (2013)
BovineHD0500035952	rs132867708	blood hormone levels of inhibin at 4 months	5	50490056	5.32E-08	Tropical Composite	Fortes et al. (2013)
BovineHD0500014529	rs137206890	blood hormone levels of inhibin at 4 months	5	50502864	0.000000906	Tropical Composite	Fortes et al. (2013)
BovineHD0500014533	rs135882441	blood hormone levels of inhibin at 4 months	5	50522996	0.000000906	Tropical Composite	Fortes et al. (2013)
BovineHD0500035424	rs136562195	blood hormone levels of inhibin at 4 months	5	50553532	0.000000221	Tropical Composite	Fortes et al. (2013)
BovineHD0500014539	rs136643533	blood hormone levels of inhibin at 4 months	5	50562134	0.000000221	Tropical Composite	Fortes et al. (2013)
BovineHD0500035954	rs137505683	blood hormone levels of inhibin at 4 months	5	50640973	0.000000122	Tropical Composite	Fortes et al. (2013)
BovineHD0500014555	rs136485946	blood hormone levels of inhibin at 4 months	5	50657928	0.000000171	Tropical Composite	Fortes et al. (2013)
BovineHD0500014558	rs136065482	blood hormone levels of inhibin at 4 months	5	50675840	0.000000207	Tropical Composite	Fortes et al. (2013)
BovineHD0500014559	rs110176051	blood hormone levels of inhibin at 4 months	5	50682266	3.13E-08	Tropical Composite	Fortes et al. (2013)
BovineHD0500014566	rs137684058	blood hormone levels of inhibin at 4 months	5	50712678	0.000000761	Tropical Composite	Fortes et al. (2013)
BovineHD0500014568	rs134594695	blood hormone levels of inhibin at 4 months	5	50719772	0.00000149	Tropical Composite	Fortes et al. (2013)
BovineHD0500014588	rs136241834	blood hormone levels of inhibin at 4 months	5	50797800	1.59E-09	Tropical Composite	Fortes et al. (2013)
Hapmap28821-BTA-159936	rs109909728	blood hormone levels of inhibin at 4 months	5	50806660	1.88E-09	Tropical Composite	Fortes et al. (2013)
BovineHD0500014614	rs134782266	blood hormone levels of inhibin at 4 months	5	50894235	0.000000435	Tropical Composite	Fortes et al. (2013)
BovineHD0500014617	rs137260999	blood hormone levels of inhibin at 4 months	5	50905417	1.98E-08	Tropical Composite	Fortes et al. (2013)
BovineHD0500014621	rs137007301	blood hormone levels of inhibin at 4 months	5	50921326	0.000000041	Tropical Composite	Fortes et al. (2013)
BovineHD0500014622	rs134503477	blood hormone levels of inhibin at 4 months	5	50924326	0.000000041	Tropical Composite	Fortes et al. (2013)
BovineHD0500014624	rs109753043	blood hormone levels of inhibin at 4 months	5	50932291	0.000000406	Tropical Composite	Fortes et al. (2013)
BovineHD0500014625	rs135900313	blood hormone levels of inhibin at 4 months	5	50935052	4.37E-09	Tropical Composite	Fortes et al. (2013)
BovineHD0500014627	rs133851660	blood hormone levels of inhibin at 4 months	5	50941496	4.37E-09	Tropical Composite	Fortes et al. (2013)
BovineHD0500014629	rs132925593	blood hormone levels of inhibin at 4 months	5	50948794	4.37E-09	Tropical Composite	Fortes et al. (2013)
BovineHD0500014631	rs110823253	blood hormone levels of inhibin at 4 months	5	50953756	0.00000409	Tropical Composite	Fortes et al. (2013)
BovineHD0500014692	rs134768790	blood hormone levels of inhibin at 4 months	5	51082730	0.00000393	Tropical Composite	Fortes et al. (2013)
BovineHD0500035427	rs132769836	blood hormone levels of inhibin at 4 months	5	51093247	0.00000219	Tropical Composite	Fortes et al. (2013)
BovineHD0500014698	rs134253791	blood hormone levels of inhibin at 4 months	5	51102257	0.000000802	Tropical Composite	Fortes et al. (2013)
BovineHD0500014709	rs135615697	blood hormone levels of inhibin at 4 months	5	51137060	0.000000863	Tropical Composite	Fortes et al. (2013)
BovineHD0500014836	rs137474480	blood hormone levels of inhibin at 4 months	5	51578226	0.00000193	Tropical Composite	Fortes et al. (2013)
BovineHD0500035429	rs136381846	blood hormone levels of inhibin at 4 months	5	51657499	0.00000276	Tropical Composite	Fortes et al. (2013)
BovineHD0500014858	rs133881418	blood hormone levels of inhibin at 4 months	5	51682659	0.000000724	Tropical Composite	Fortes et al. (2013)
BovineHD0500035430	rs133545272	blood hormone levels of inhibin at 4 months	5	51696231	0.00000156	Tropical Composite	Fortes et al. (2013)
BovineHD0500014919	rs137840926	blood hormone levels of inhibin at 4 months	5	51868426	0.000000676	Tropical Composite	Fortes et al. (2013)
BovineHD0500014933	rs134321994	blood hormone levels of inhibin at 4 months	5	51910882	0.000000264	Tropical Composite	Fortes et al. (2013)
BovineHD0500014978	rs137568627	blood hormone levels of inhibin at 4 months	5	52110397	0.000000392	Tropical Composite	Fortes et al. (2013)
BovineHD0500014980	rs137151149	blood hormone levels of inhibin at 4 months	5	52121801	3.71E-08	Tropical Composite	Fortes et al. (2013)
BovineHD0500014981	rs135690433	blood hormone levels of inhibin at 4 months	5	52127055	3.28E-08	Tropical Composite	Fortes et al. (2013)
BovineHD0500014982	rs133108974	blood hormone levels of inhibin at 4 months	5	52134406	3.28E-08	Tropical Composite	Fortes et al. (2013)
BovineHD0500014985	rs133436185	blood hormone levels of inhibin at 4 months	5	52157569	0.0000066	Tropical Composite	Fortes et al. (2013)
BovineHD0500015155	rs133350250	blood hormone levels of inhibin at 4 months	5	52873046	0.00000264	Tropical Composite	Fortes et al. (2013)
BovineHD0500015157	rs135928533	blood hormone levels of inhibin at 4 months	5	52882730	0.000000206	Tropical Composite	Fortes et al. (2013)
BovineHD0500015158	rs133077667	blood hormone levels of inhibin at 4 months	5	52891204	0.000000206	Tropical Composite	Fortes et al. (2013)
BovineHD0500015159	rs134618830	blood hormone levels of inhibin at 4 months	5	52897946	0.000000206	Tropical Composite	Fortes et al. (2013)
BovineHD0500015166	rs136248035	blood hormone levels of inhibin at 4 months	5	52928044	0.000000206	Tropical Composite	Fortes et al. (2013)
BovineHD0500015167	rs133825239	blood hormone levels of inhibin at 4 months	5	52932774	0.000000206	Tropical Composite	Fortes et al. (2013)
BovineHD0500015182	rs136721757	blood hormone levels of inhibin at 4 months	5	53004116	4.72E-08	Tropical Composite	Fortes et al. (2013)
BovineHD0500015188	rs134024585	blood hormone levels of inhibin at 4 months	5	53036555	6.46E-09	Tropical Composite	Fortes et al. (2013)
BovineHD0500015193	rs132843417	blood hormone levels of inhibin at 4 months	5	53064700	0.000000582	Tropical Composite	Fortes et al. (2013)
BovineHD0500015196	rs132712109	blood hormone levels of inhibin at 4 months	5	53076815	0.000000582	Tropical Composite	Fortes et al. (2013)
BovineHD0500015198	rs137622736	blood hormone levels of inhibin at 4 months	5	53089084	0.00000391	Tropical Composite	Fortes et al. (2013)
BovineHD0500015354	rs135892266	blood hormone levels of inhibin at 4 months	5	53867659	0.000000976	Tropical Composite	Fortes et al. (2013)
BovineHD0500015391	rs109555592	blood hormone levels of inhibin at 4 months	5	54009655	0.00000381	Tropical Composite	Fortes et al. (2013)
BovineHD0500015393	rs134516404	blood hormone levels of inhibin at 4 months	5	54019549	0.00000381	Tropical Composite	Fortes et al. (2013)
BovineHD0500015398	rs136779640	blood hormone levels of inhibin at 4 months	5	54042865	0.00000181	Tropical Composite	Fortes et al. (2013)
BovineHD0500015419	rs134317802	blood hormone levels of inhibin at 4 months	5	54134632	0.00000176	Tropical Composite	Fortes et al. (2013)
BovineHD0500015447	rs133184506	blood hormone levels of inhibin at 4 months	5	54205948	0.000000494	Tropical Composite	Fortes et al. (2013)
BovineHD0500015454	rs135855458	blood hormone levels of inhibin at 4 months	5	54246704	0.000000448	Tropical Composite	Fortes et al. (2013)
BovineHD0500015464	rs135504287	blood hormone levels of inhibin at 4 months	5	54295924	0.000000573	Tropical Composite	Fortes et al. (2013)
BovineHD0500015489	rs133591560	blood hormone levels of inhibin at 4 months	5	54350533	9.36E-08	Tropical Composite	Fortes et al. (2013)
BovineHD0500015503	rs133087713	blood hormone levels of inhibin at 4 months	5	54399438	4.16E-08	Tropical Composite	Fortes et al. (2013)
BovineHD0500015543	rs135847398	blood hormone levels of inhibin at 4 months	5	54511415	0.000000829	Tropical Composite	Fortes et al. (2013)
BovineHD0500015546	rs134976122	blood hormone levels of inhibin at 4 months	5	54524082	0.00000564	Tropical Composite	Fortes et al. (2013)
BovineHD0500015625	rs109514378	blood hormone levels of inhibin at 4 months	5	54835161	9.49E-08	Tropical Composite	Fortes et al. (2013)
BovineHD0500015637	rs135513869	blood hormone levels of inhibin at 4 months	5	54894782	0.000000675	Tropical Composite	Fortes et al. (2013)
BovineHD0500015641	rs133322946	blood hormone levels of inhibin at 4 months	5	54908574	0.00000458	Tropical Composite	Fortes et al. (2013)
BovineHD0500015642	rs137293360	blood hormone levels of inhibin at 4 months	5	54911581	0.000000754	Tropical Composite	Fortes et al. (2013)
BovineHD0500015696	rs134520197	blood hormone levels of inhibin at 4 months	5	55040170	0.000000137	Tropical Composite	Fortes et al. (2013)
BovineHD0500015707	rs137768469	blood hormone levels of inhibin at 4 months	5	55109855	0.00000014	Tropical Composite	Fortes et al. (2013)
BovineHD0500015708	rs133420793	blood hormone levels of inhibin at 4 months	5	55114401	5.77E-10	Tropical Composite	Fortes et al. (2013)
BovineHD0500015712	rs133986757	blood hormone levels of inhibin at 4 months	5	55135352	0.00000132	Tropical Composite	Fortes et al. (2013)
BovineHD0500015714	rs136517388	blood hormone levels of inhibin at 4 months	5	55141193	0.00000259	Tropical Composite	Fortes et al. (2013)
BovineHD0500015716	rs134992586	blood hormone levels of inhibin at 4 months	5	55150874	0.00000754	Tropical Composite	Fortes et al. (2013)
BovineHD0500015717	rs136609060	blood hormone levels of inhibin at 4 months	5	55156894	0.00000132	Tropical Composite	Fortes et al. (2013)
BovineHD0500015721	rs132685585	blood hormone levels of inhibin at 4 months	5	55175674	0.00000297	Tropical Composite	Fortes et al. (2013)
BovineHD0500015735	rs135985029	blood hormone levels of inhibin at 4 months	5	55212795	0.000000884	Tropical Composite	Fortes et al. (2013)
BovineHD0500015789	rs136661482	blood hormone levels of inhibin at 4 months	5	55363723	0.00000117	Tropical Composite	Fortes et al. (2013)
BovineHD0500015790	rs134464111	blood hormone levels of inhibin at 4 months	5	55367951	0.00000564	Tropical Composite	Fortes et al. (2013)
BovineHD0500015813	rs133397813	blood hormone levels of inhibin at 4 months	5	55433595	0.000000986	Tropical Composite	Fortes et al. (2013)
BovineHD0500015828	rs134831004	blood hormone levels of inhibin at 4 months	5	55477393	0.000000282	Tropical Composite	Fortes et al. (2013)
BovineHD0500015829	rs137706188	blood hormone levels of inhibin at 4 months	5	55482947	0.00000011	Tropical Composite	Fortes et al. (2013)
BovineHD0500015835	rs134987140	blood hormone levels of inhibin at 4 months	5	55517249	8.07E-08	Tropical Composite	Fortes et al. (2013)
BovineHD0500035435	rs134817306	blood hormone levels of inhibin at 4 months	5	55523432	0.00000129	Tropical Composite	Fortes et al. (2013)
BovineHD0500015837	rs134266248	blood hormone levels of inhibin at 4 months	5	55535182	0.00000336	Tropical Composite	Fortes et al. (2013)
BovineHD0500015838	rs135905282	blood hormone levels of inhibin at 4 months	5	55540165	0.000000989	Tropical Composite	Fortes et al. (2013)
BovineHD0500015839	rs136551220	blood hormone levels of inhibin at 4 months	5	55546418	0.000000989	Tropical Composite	Fortes et al. (2013)
BovineHD0500015848	rs137027723	blood hormone levels of inhibin at 4 months	5	55581453	8.76E-08	Tropical Composite	Fortes et al. (2013)
BovineHD0500015854	rs132691461	blood hormone levels of inhibin at 4 months	5	55612025	4.22E-08	Tropical Composite	Fortes et al. (2013)
BovineHD0500015870	rs110808466	blood hormone levels of inhibin at 4 months	5	55678846	9.18E-08	Tropical Composite	Fortes et al. (2013)
BovineHD0500015871	rs136099061	blood hormone levels of inhibin at 4 months	5	55680004	7.64E-08	Tropical Composite	Fortes et al. (2013)
BovineHD0500015872	rs109504956	blood hormone levels of inhibin at 4 months	5	55683978	0.000000138	Tropical Composite	Fortes et al. (2013)
BovineHD0500015874	rs110225853	blood hormone levels of inhibin at 4 months	5	55696488	0.000000138	Tropical Composite	Fortes et al. (2013)
BovineHD0500015893	rs110563407	blood hormone levels of inhibin at 4 months	5	55766582	0.00000623	Tropical Composite	Fortes et al. (2013)
BovineHD0500015901	rs133420792	blood hormone levels of inhibin at 4 months	5	55799568	5.32E-08	Tropical Composite	Fortes et al. (2013)
Hapmap26409-BTA-143127	rs110595813	blood hormone levels of inhibin at 4 months	5	55803789	8.21E-08	Tropical Composite	Fortes et al. (2013)
BovineHD0500015903	rs135988273	blood hormone levels of inhibin at 4 months	5	55812656	0.000000176	Tropical Composite	Fortes et al. (2013)
BovineHD0500015904	rs136917026	blood hormone levels of inhibin at 4 months	5	55816118	0.000000152	Tropical Composite	Fortes et al. (2013)
BovineHD0500015928	rs134385994	blood hormone levels of inhibin at 4 months	5	55940697	2.29E-08	Tropical Composite	Fortes et al. (2013)
BovineHD0500015938	rs134161754	blood hormone levels of inhibin at 4 months	5	55979990	0.000000019	Tropical Composite	Fortes et al. (2013)
BovineHD0500035969	rs137299489	blood hormone levels of inhibin at 4 months	5	55993379	0.000000728	Tropical Composite	Fortes et al. (2013)
BovineHD0500015945	rs136663245	blood hormone levels of inhibin at 4 months	5	56009879	2.77E-08	Tropical Composite	Fortes et al. (2013)
BovineHD0500015948	rs132833878	blood hormone levels of inhibin at 4 months	5	56021078	2.77E-08	Tropical Composite	Fortes et al. (2013)
BovineHD0500015949	rs134261167	blood hormone levels of inhibin at 4 months	5	56024772	3.78E-08	Tropical Composite	Fortes et al. (2013)
BovineHD0500015950	rs137666425	blood hormone levels of inhibin at 4 months	5	56027416	2.77E-08	Tropical Composite	Fortes et al. (2013)
BovineHD0500015951	rs132659995	blood hormone levels of inhibin at 4 months	5	56033245	2.77E-08	Tropical Composite	Fortes et al. (2013)
BovineHD0500015953	rs137069491	blood hormone levels of inhibin at 4 months	5	56042747	2.77E-08	Tropical Composite	Fortes et al. (2013)
BovineHD0500015954	rs135682680	blood hormone levels of inhibin at 4 months	5	56049790	2.77E-08	Tropical Composite	Fortes et al. (2013)
BovineHD0500015957	rs135443315	blood hormone levels of inhibin at 4 months	5	56060403	0.00000395	Tropical Composite	Fortes et al. (2013)
BovineHD0500015970	rs133648303	blood hormone levels of inhibin at 4 months	5	56171855	1.68E-08	Tropical Composite	Fortes et al. (2013)
BovineHD0500015971	rs135102974	blood hormone levels of inhibin at 4 months	5	56176306	1.68E-08	Tropical Composite	Fortes et al. (2013)
BovineHD0500015972	rs136665949	blood hormone levels of inhibin at 4 months	5	56181411	1.68E-08	Tropical Composite	Fortes et al. (2013)
BovineHD0500015974	rs137388975	blood hormone levels of inhibin at 4 months	5	56187224	1.68E-08	Tropical Composite	Fortes et al. (2013)
BovineHD0500015975	rs132791408	blood hormone levels of inhibin at 4 months	5	56190154	1.68E-08	Tropical Composite	Fortes et al. (2013)
BovineHD0500015976	rs134702544	blood hormone levels of inhibin at 4 months	5	56193787	1.68E-08	Tropical Composite	Fortes et al. (2013)
BovineHD0500015977	rs136345069	blood hormone levels of inhibin at 4 months	5	56197180	5.77E-08	Tropical Composite	Fortes et al. (2013)
BovineHD0500015980	rs137072320	blood hormone levels of inhibin at 4 months	5	56207475	5.77E-08	Tropical Composite	Fortes et al. (2013)
BovineHD0500015987	rs134673457	blood hormone levels of inhibin at 4 months	5	56232191	1.68E-08	Tropical Composite	Fortes et al. (2013)
BovineHD0500015988	rs136039690	blood hormone levels of inhibin at 4 months	5	56241478	0.000000219	Tropical Composite	Fortes et al. (2013)
BovineHD0500015989	rs134004162	blood hormone levels of inhibin at 4 months	5	56245440	0.00000208	Tropical Composite	Fortes et al. (2013)
BovineHD0500035436	rs136047436	blood hormone levels of inhibin at 4 months	5	56247946	1.68E-08	Tropical Composite	Fortes et al. (2013)
BovineHD0500015992	rs136966408	blood hormone levels of inhibin at 4 months	5	56259194	7.24E-08	Tropical Composite	Fortes et al. (2013)
BovineHD0500015993	rs135353977	blood hormone levels of inhibin at 4 months	5	56264701	7.24E-08	Tropical Composite	Fortes et al. (2013)
BovineHD0500015996	rs135775229	blood hormone levels of inhibin at 4 months	5	56275158	1.68E-08	Tropical Composite	Fortes et al. (2013)
BovineHD0500016000	rs137554617	blood hormone levels of inhibin at 4 months	5	56292287	6.57E-08	Tropical Composite	Fortes et al. (2013)
BovineHD0500016003	rs135604656	blood hormone levels of inhibin at 4 months	5	56304305	0.000000765	Tropical Composite	Fortes et al. (2013)
BovineHD0500016007	rs136819244	blood hormone levels of inhibin at 4 months	5	56318664	1.68E-08	Tropical Composite	Fortes et al. (2013)
BovineHD0500016008	rs134826942	blood hormone levels of inhibin at 4 months	5	56321524	1.53E-08	Tropical Composite	Fortes et al. (2013)
BovineHD0500016009	rs137705320	blood hormone levels of inhibin at 4 months	5	56328030	1.53E-08	Tropical Composite	Fortes et al. (2013)
BovineHD0500016017	rs136968991	blood hormone levels of inhibin at 4 months	5	56355932	5.31E-09	Tropical Composite	Fortes et al. (2013)
BovineHD0500016019	rs136549932	blood hormone levels of inhibin at 4 months	5	56371072	5.27E-09	Tropical Composite	Fortes et al. (2013)
BovineHD0500016020	rs134141555	blood hormone levels of inhibin at 4 months	5	56379468	5.27E-09	Tropical Composite	Fortes et al. (2013)
BovineHD0500016022	rs135494743	blood hormone levels of inhibin at 4 months	5	56387114	5.27E-09	Tropical Composite	Fortes et al. (2013)
BovineHD0500016025	rs135356812	blood hormone levels of inhibin at 4 months	5	56405833	0.00000316	Tropical Composite	Fortes et al. (2013)
BovineHD0500016027	rs137282168	blood hormone levels of inhibin at 4 months	5	56418658	5.73E-09	Tropical Composite	Fortes et al. (2013)
BovineHD0500016028	rs135870984	blood hormone levels of inhibin at 4 months	5	56425212	5.73E-09	Tropical Composite	Fortes et al. (2013)
BovineHD0500016029	rs136863768	blood hormone levels of inhibin at 4 months	5	56428891	5.73E-09	Tropical Composite	Fortes et al. (2013)
BovineHD0500016031	rs135049400	blood hormone levels of inhibin at 4 months	5	56437768	5.73E-09	Tropical Composite	Fortes et al. (2013)
BovineHD0500016034	rs135396753	blood hormone levels of inhibin at 4 months	5	56452644	5.73E-09	Tropical Composite	Fortes et al. (2013)
BovineHD0500016036	rs133706727	blood hormone levels of inhibin at 4 months	5	56459525	0.00000377	Tropical Composite	Fortes et al. (2013)
BovineHD0500016038	rs133011564	blood hormone levels of inhibin at 4 months	5	56467295	5.42E-09	Tropical Composite	Fortes et al. (2013)
BovineHD0500016040	rs137017835	blood hormone levels of inhibin at 4 months	5	56474948	5.42E-09	Tropical Composite	Fortes et al. (2013)
BovineHD0500016041	rs135015894	blood hormone levels of inhibin at 4 months	5	56479616	1.28E-09	Tropical Composite	Fortes et al. (2013)
BovineHD0500016042	rs132796363	blood hormone levels of inhibin at 4 months	5	56486256	5.42E-09	Tropical Composite	Fortes et al. (2013)
BovineHD0500016045	rs136553412	blood hormone levels of inhibin at 4 months	5	56500702	1.28E-09	Tropical Composite	Fortes et al. (2013)
BovineHD0500016046	rs134078306	blood hormone levels of inhibin at 4 months	5	56504145	5.42E-09	Tropical Composite	Fortes et al. (2013)
BovineHD0500016047	rs137606680	blood hormone levels of inhibin at 4 months	5	56509511	4.86E-09	Tropical Composite	Fortes et al. (2013)
BovineHD0500016048	rs133424563	blood hormone levels of inhibin at 4 months	5	56521249	5.42E-09	Tropical Composite	Fortes et al. (2013)
BovineHD4100003701	rs109952864	blood hormone levels of inhibin at 4 months	5	56524373	0.000000338	Tropical Composite	Fortes et al. (2013)
BovineHD0500016138	rs136816142	blood hormone levels of inhibin at 4 months	5	56968913	0.0000028	Tropical Composite	Fortes et al. (2013)
BovineHD0500016144	rs133559518	blood hormone levels of inhibin at 4 months	5	56996576	0.0000028	Tropical Composite	Fortes et al. (2013)
BovineHD0500016153	rs134428680	blood hormone levels of inhibin at 4 months	5	57056862	0.00000157	Tropical Composite	Fortes et al. (2013)
BovineHD0500016154	rs137391646	blood hormone levels of inhibin at 4 months	5	57059198	0.00000157	Tropical Composite	Fortes et al. (2013)
BovineHD0500016160	rs135647468	blood hormone levels of inhibin at 4 months	5	57095707	0.00000548	Tropical Composite	Fortes et al. (2013)
BovineHD0500016162	rs134828282	blood hormone levels of inhibin at 4 months	5	57103035	0.00000157	Tropical Composite	Fortes et al. (2013)
BovineHD0500016164	rs133256738	blood hormone levels of inhibin at 4 months	5	57111019	0.00000548	Tropical Composite	Fortes et al. (2013)
BovineHD0500016167	rs136050609	blood hormone levels of inhibin at 4 months	5	57127842	0.00000157	Tropical Composite	Fortes et al. (2013)
BovineHD0500016170	rs134997500	blood hormone levels of inhibin at 4 months	5	57144749	0.00000157	Tropical Composite	Fortes et al. (2013)
BovineHD0500016171	rs136137091	blood hormone levels of inhibin at 4 months	5	57149213	0.00000157	Tropical Composite	Fortes et al. (2013)
BovineHD0500016173	rs135297387	blood hormone levels of inhibin at 4 months	5	57158181	0.00000722	Tropical Composite	Fortes et al. (2013)
BovineHD0500016177	rs132977264	blood hormone levels of inhibin at 4 months	5	57171391	0.00000157	Tropical Composite	Fortes et al. (2013)
BovineHD0500016178	rs134889902	blood hormone levels of inhibin at 4 months	5	57175000	0.00000548	Tropical Composite	Fortes et al. (2013)
BTA-122999-no-rs	rs110426314	blood hormone levels of inhibin at 4 months	5	57196542	0.00000548	Tropical Composite	Fortes et al. (2013)
BovineHD0500016185	rs134549390	blood hormone levels of inhibin at 4 months	5	57200099	0.00000548	Tropical Composite	Fortes et al. (2013)
BovineHD0500016188	rs134825518	blood hormone levels of inhibin at 4 months	5	57219551	0.00000548	Tropical Composite	Fortes et al. (2013)
BovineHD0500016190	rs133718633	blood hormone levels of inhibin at 4 months	5	57237149	0.00000548	Tropical Composite	Fortes et al. (2013)
BovineHD0500016194	rs135591888	blood hormone levels of inhibin at 4 months	5	57250898	0.00000548	Tropical Composite	Fortes et al. (2013)
BovineHD0500016195	rs132791097	blood hormone levels of inhibin at 4 months	5	57254378	0.00000548	Tropical Composite	Fortes et al. (2013)
BovineHD0500016196	rs134128631	blood hormone levels of inhibin at 4 months	5	57259660	0.00000548	Tropical Composite	Fortes et al. (2013)
BovineHD0500016199	rs134089863	blood hormone levels of inhibin at 4 months	5	57274077	0.00000548	Tropical Composite	Fortes et al. (2013)
BovineHD0500016268	rs137742191	blood hormone levels of inhibin at 4 months	5	57596067	0.00000558	Tropical Composite	Fortes et al. (2013)
BovineHD0500016280	rs134894252	blood hormone levels of inhibin at 4 months	5	57634601	0.000000653	Tropical Composite	Fortes et al. (2013)
BovineHD0500016281	rs136110210	blood hormone levels of inhibin at 4 months	5	57637895	0.00000244	Tropical Composite	Fortes et al. (2013)
BovineHD0500016283	rs134235538	blood hormone levels of inhibin at 4 months	5	57647574	0.000000888	Tropical Composite	Fortes et al. (2013)
BovineHD0500016285	rs133560501	blood hormone levels of inhibin at 4 months	5	57657880	0.000000846	Tropical Composite	Fortes et al. (2013)
BovineHD0500016286	rs134487259	blood hormone levels of inhibin at 4 months	5	57660926	0.000000846	Tropical Composite	Fortes et al. (2013)
BovineHD0500016295	rs135598509	blood hormone levels of inhibin at 4 months	5	57690096	0.00000033	Tropical Composite	Fortes et al. (2013)
BovineHD0500016297	rs134140651	blood hormone levels of inhibin at 4 months	5	57697408	0.000000227	Tropical Composite	Fortes et al. (2013)
BovineHD0500016298	rs137489060	blood hormone levels of inhibin at 4 months	5	57700755	0.00000264	Tropical Composite	Fortes et al. (2013)
BovineHD0500016300	rs137073278	blood hormone levels of inhibin at 4 months	5	57710890	0.000000107	Tropical Composite	Fortes et al. (2013)
BovineHD0500016304	rs135368690	blood hormone levels of inhibin at 4 months	5	57729851	0.000000246	Tropical Composite	Fortes et al. (2013)
BovineHD0500016305	rs133170163	blood hormone levels of inhibin at 4 months	5	57736703	0.000000246	Tropical Composite	Fortes et al. (2013)
BovineHD0500016306	rs134681832	blood hormone levels of inhibin at 4 months	5	57741701	0.00000367	Tropical Composite	Fortes et al. (2013)
BovineHD0500016309	rs137223200	blood hormone levels of inhibin at 4 months	5	57754977	0.000000243	Tropical Composite	Fortes et al. (2013)
BovineHD0500016313	rs134112284	blood hormone levels of inhibin at 4 months	5	57773893	0.000000556	Tropical Composite	Fortes et al. (2013)
BovineHD0500016315	rs136389813	blood hormone levels of inhibin at 4 months	5	57785345	0.000000556	Tropical Composite	Fortes et al. (2013)
BovineHD0500016317	rs135108752	blood hormone levels of inhibin at 4 months	5	57792324	0.000000912	Tropical Composite	Fortes et al. (2013)
BovineHD0500016318	rs137792127	blood hormone levels of inhibin at 4 months	5	57796740	0.000000912	Tropical Composite	Fortes et al. (2013)
BovineHD0500016319	rs133956872	blood hormone levels of inhibin at 4 months	5	57822261	0.000000912	Tropical Composite	Fortes et al. (2013)
BovineHD0500016320	rs137373498	blood hormone levels of inhibin at 4 months	5	57827138	0.000000912	Tropical Composite	Fortes et al. (2013)
BovineHD0500016321	rs132809665	blood hormone levels of inhibin at 4 months	5	57833056	0.000000912	Tropical Composite	Fortes et al. (2013)
BovineHD0500016323	rs135259714	blood hormone levels of inhibin at 4 months	5	57845386	0.000000912	Tropical Composite	Fortes et al. (2013)
BovineHD0500016324	rs133028004	blood hormone levels of inhibin at 4 months	5	57850012	0.000000912	Tropical Composite	Fortes et al. (2013)
BovineHD0500016325	rs134109732	blood hormone levels of inhibin at 4 months	5	57860219	0.000000912	Tropical Composite	Fortes et al. (2013)
BovineHD0500016330	rs133339813	blood hormone levels of inhibin at 4 months	5	57886479	0.00000176	Tropical Composite	Fortes et al. (2013)
BovineHD0500016331	rs135224894	blood hormone levels of inhibin at 4 months	5	57889506	0.000000912	Tropical Composite	Fortes et al. (2013)
BovineHD0500016339	rs135732436	blood hormone levels of inhibin at 4 months	5	57926894	0.00000162	Tropical Composite	Fortes et al. (2013)
BovineHD0500016540	rs132920071	blood hormone levels of inhibin at 4 months	5	58720812	0.00000298	Tropical Composite	Fortes et al. (2013)
BovineHD0500016776	rs137261569	blood hormone levels of inhibin at 4 months	5	59905836	0.00000137	Tropical Composite	Fortes et al. (2013)
BovineHD0500013025	rs132874802	Scrotal circumference at 420 days	5	45258841	0.00000817	Canchim	Buzanskas et al. (2017)
BovineHD0500013026	rs109156482	Scrotal circumference at 420 days	5	45260223	0.00000817	Canchim	Buzanskas et al. (2017)
BovineHD0500013033	rs109284796	Scrotal circumference at 420 days	5	45289852	0.00000566	Canchim	Buzanskas et al. (2017)
BovineHD0500013037	rs108983599	Scrotal circumference at 420 days	5	45305082	0.00000559	Canchim	Buzanskas et al. (2017)
BovineHD0500013048	rs110520377	Scrotal circumference at 420 days	5	45346713	0.00000318	Canchim	Buzanskas et al. (2017)
BovineHD0500013049	rs133990240	Scrotal circumference at 420 days	5	45352128	0.00000142	Canchim	Buzanskas et al. (2017)
BovineHD0500013051	rs110261691	Scrotal circumference at 420 days	5	45354729	0.00000142	Canchim	Buzanskas et al. (2017)
BovineHD0500013052	rs110160018	Scrotal circumference at 420 days	5	45356833	0.000000247	Canchim	Buzanskas et al. (2017)
BovineHD0500013053	rs109099268	Scrotal circumference at 420 days	5	45357517	0.00000142	Canchim	Buzanskas et al. (2017)
BovineHD0500013055	rs133124963	Scrotal circumference at 420 days	5	45359590	0.00000298	Canchim	Buzanskas et al. (2017)
BovineHD0500013056	rs109023687	Scrotal circumference at 420 days	5	45360390	0.00000624	Canchim	Buzanskas et al. (2017)
BovineHD0500013057	rs110034677	Scrotal circumference at 420 days	5	45364205	0.00000142	Canchim	Buzanskas et al. (2017)
BovineHD0500013058	rs110091099	Scrotal circumference at 420 days	5	45365062	0.00000142	Canchim	Buzanskas et al. (2017)
BovineHD0500013059	rs109950552	Scrotal circumference at 420 days	5	45365842	0.000000568	Canchim	Buzanskas et al. (2017)
BovineHD0500013060	rs137658592	Scrotal circumference at 420 days	5	45367028	0.00000142	Canchim	Buzanskas et al. (2017)
BovineHD0500013064	rs109288126	Scrotal circumference at 420 days	5	45373404	0.00000142	Canchim	Buzanskas et al. (2017)
BovineHD0500013066	rs109506571	Scrotal circumference at 420 days	5	45374760	0.00000142	Canchim	Buzanskas et al. (2017)
BovineHD0500013067	rs109248631	Scrotal circumference at 420 days	5	45377693	0.00000318	Canchim	Buzanskas et al. (2017)
BovineHD0500013069	rs110027103	Scrotal circumference at 420 days	5	45380271	0.00000142	Canchim	Buzanskas et al. (2017)
BovineHD0500013070	rs109561643	Scrotal circumference at 420 days	5	45381502	0.00000318	Canchim	Buzanskas et al. (2017)
BovineHD0500013071	rs109210079	Scrotal circumference at 420 days	5	45382190	0.00000318	Canchim	Buzanskas et al. (2017)
BovineHD0500013072	rs110160918	Scrotal circumference at 420 days	5	45383111	0.0000027	Canchim	Buzanskas et al. (2017)
BovineHD0500013077	rs110625630	Scrotal circumference at 420 days	5	45391371	0.00000106	Canchim	Buzanskas et al. (2017)
BovineHD0500013078	rs110219262	Scrotal circumference at 420 days	5	45392301	0.00000106	Canchim	Buzanskas et al. (2017)
BovineHD0500013079	rs134311132	Scrotal circumference at 420 days	5	45393775	0.00000048	Canchim	Buzanskas et al. (2017)
BovineHD0500013080	rs135497432	Scrotal circumference at 420 days	5	45394458	0.00000058	Canchim	Buzanskas et al. (2017)
BovineHD0500013081	rs133173059	Scrotal circumference at 420 days	5	45395358	0.000000725	Canchim	Buzanskas et al. (2017)
BovineHD0500014383	rs110268648	Scrotal circumference at 420 days	5	49978817	0.00000313	Canchim	Buzanskas et al. (2017)
BovineHD0500014384	rs109748105	Scrotal circumference at 420 days	5	49979883	0.00000188	Canchim	Buzanskas et al. (2017)
BovineHD0500014386	rs134621421	Scrotal circumference at 420 days	5	49984175	0.00000655	Canchim	Buzanskas et al. (2017)
BovineHD0500015106	rs133590688	Scrotal circumference at 420 days	5	52636182	0.00000435	Canchim	Buzanskas et al. (2017)
BovineHD0500015131	rs132843988	Scrotal circumference at 420 days	5	52756327	0.00000245	Canchim	Buzanskas et al. (2017)
BovineHD0500015132	rs134781821	Scrotal circumference at 420 days	5	52759020	0.00000245	Canchim	Buzanskas et al. (2017)
BovineHD0500015135	rs110906264	Scrotal circumference at 420 days	5	52765006	0.00000245	Canchim	Buzanskas et al. (2017)
BovineHD0900003930	rs43582369	Scrotal circumference at 420 days	9	15010015	0.00000811	Canchim	Buzanskas et al. (2017)
BovineHD0900004240	rs110130556	Scrotal circumference at 420 days	9	15877491	0.000000907	Canchim	Buzanskas et al. (2017)
BovineHD0900004242	rs43582288	Scrotal circumference at 420 days	9	15880619	0.000000666	Canchim	Buzanskas et al. (2017)
BovineHD0900004243	rs43582290	Scrotal circumference at 420 days	9	15881203	0.00000172	Canchim	Buzanskas et al. (2017)
BovineHD0900005569	rs43587922	Scrotal circumference at 420 days	9	20508034	0.00000426	Canchim	Buzanskas et al. (2017)
BovineHD0900005571	rs110633796	Scrotal circumference at 420 days	9	20510296	0.00000426	Canchim	Buzanskas et al. (2017)
BovineHD0900026523	rs135164150	Scrotal circumference at 420 days	9	93705281	0.00000294	Canchim	Buzanskas et al. (2017)
BovineHD1300019853	rs134336444	Scrotal circumference at 420 days	13	69505036	0.00000589	Canchim	Buzanskas et al. (2017)
BovineHD1300020104	rs134822694	Scrotal circumference at 420 days	13	70387545	0.00000386	Canchim	Buzanskas et al. (2017)
BovineHD1300020107	rs135287766	Scrotal circumference at 420 days	13	70398426	0.00000386	Canchim	Buzanskas et al. (2017)
BovineHD1800006143	rs134971286	Scrotal circumference at 420 days	18	19853034	0.00000336	Canchim	Buzanskas et al. (2017)
BovineHD1800006144	rs132817573	Scrotal circumference at 420 days	18	19853948	0.00000336	Canchim	Buzanskas et al. (2017)
BovineHD1800006145	rs137143517	Scrotal circumference at 420 days	18	19859849	0.00000157	Canchim	Buzanskas et al. (2017)
BovineHD1800006149	rs136209413	Scrotal circumference at 420 days	18	19876065	0.0000023	Canchim	Buzanskas et al. (2017)
BovineHD1800006150	rs133504320	Scrotal circumference at 420 days	18	19877247	0.000000555	Canchim	Buzanskas et al. (2017)
BovineHD1800006152	rs134860120	Scrotal circumference at 420 days	18	19879636	0.000000784	Canchim	Buzanskas et al. (2017)
BovineHD4100013512	rs41660719	Scrotal circumference at 420 days	18	19880724	0.000000353	Canchim	Buzanskas et al. (2017)
BovineHD1800006153	rs136144630	Scrotal circumference at 420 days	18	19881483	0.000000718	Canchim	Buzanskas et al. (2017)
BovineHD1800006154	rs133323595	Scrotal circumference at 420 days	18	19882167	0.000000784	Canchim	Buzanskas et al. (2017)
BovineHD1800006156	rs137316303	Scrotal circumference at 420 days	18	19883888	0.000000555	Canchim	Buzanskas et al. (2017)
BovineHD1800006157	rs110127001	Scrotal circumference at 420 days	18	19884993	0.000000555	Canchim	Buzanskas et al. (2017)
BovineHD2100017853	rs109144916	Scrotal circumference at 420 days	21	61415689	0.00000199	Canchim	Buzanskas et al. (2017)
BovineHD4100015309	rs29012774	Scrotal circumference at 420 days	21	61423440	0.00000245	Canchim	Buzanskas et al. (2017)
BovineHD2100017857	rs110875395	Scrotal circumference at 420 days	21	61431358	0.00000245	Canchim	Buzanskas et al. (2017)
BovineHD2100017858	rs109446125	Scrotal circumference at 420 days	21	61437160	0.00000178	Canchim	Buzanskas et al. (2017)
